listing,price
"Juicy Couture wallet
          
      NWT",35.0
Kate Spade Kingston Drive Blossom Vivian Leather Tote,76.0
"Beige Crocodile-Embossed Travel Bag
          
      NWT",78.0
Vintage Coach Legacy Saddle Bag 9131,120.0
Guess Jardine Handbag Navy Blue Crossbody,45.0
"Coach Mini Rowan Crossbody Bag In Signature Leather In Blush NWT CY743
          
      NWT",238.0
Louis Vuitton Pont 9 Crème with Blue Interior Calf skin,2200.0
Patricia Nash Leather Braided Baratolli Saddle Crossbody Bag,55.0
"Coach Alie Shoulder Bag Black Leather 3928
          
      NWT",475.0
Zara Cream Fabric Detail,8.0
"$528! FREE PEOPLE  We The Free Preslyn Raffia Tote NEW
          
      NWT",428.0
Fossil crossbody bag,15.0
Honeymouth Brown Circle Handbag Leather Purse,124.0
Vintage Kimono purse embroidered w/ box,40.0
"COACH Vintage Soho Signature
Monogram Canvas and Leather Bag, black and gray",135.0
Fossil Womens Black White Leather Flap Pockets Zip Around Crossbody Bag,30.0
"Valentino Orlandi Brown Crossbody Bag | NWT | Guitar Strap | Italy
          
      NWT",109.0
"Tiffany & Fred Paris Quilted Sheepskin Leather Shoulder Crossbody Bag - Black
          
      NWT",199.0
"Wrangler Teal Satchel Handbag for Women
          
      NWT",40.0
Brahmin Tote Bag,175.0
Vintage Fossil Genuine leather crossbody bag 1954 #75082 Brown in color,28.0
Nanette Lepore Athena Damask Floral Tote Bag Shoulder Bag,20.0
Louis Vuitton ‘On the Go’ GM reverse pattern,3490.0
Village Thrive Round Rattan Purse NWOT Canteen Style Black/Natural,59.0
🔥🔥🔥Chanel Vintage Orange Red Leather Wallet + Box + COA,474.0
Coach Madison Large Pleated Gathered Red Pink Leather Shoulder Bag Satchel 21281,138.0
MZ Wallace Paige,99.0
Rachel pally burgundy blue yellow fold over clutch purse,18.0
Lauren Ralph Lauren Black Dome Satchel Bag Crest Logo Zip Top RLL Hardware,79.0
"Dress Up Your Purse (DUYP) Brown Heart Leather Keychain
          
      NWT",18.0
Zara Red Burgundy Garnet Faux Suede Hand Bag With Chain Wolf Emblem Detail,35.0
Coach Madison Criss Cross Leather Sophia Satchel Shoulder Bag,109.0
Louis Vuitton Blanc Corail Monogram Vernis Leather Sarah Wallet GUC,201.0
Coach Emery Crossbody Bag,225.0
"Marc Jacobs The Moto Shot 21 Leather Camera Crossbody Bag Gray Neon Green
          
      NWT",335.0
Kate Spade Leather Newbury Lane Sally Crossbody Turquoise,35.0
Stone Mountain Accessories Black Shoulder Bag,29.0
Rebecca Minkoff Jean Mac Leather Crossbody Handbag in Nutmeg Tan Brown-No Strap,50.0
"Fawn Design Faux Leather The Cinch Backpack with Dust bag in Fern
          
      NWT",50.0
"The Tortured Poets Department Canvas Tote
          
      Boutique",14.0
Lug Tram Zip RFID Buffalo Check Red,34.0
Amazon Round Rattan Basket Crossbody Bag,22.0
🌹Polene Cyme Mini in Textured Black,266.0
"NWT Sundance Made in Italy Leather Hobo Bag
          
      NWT",195.0
"🔥Lululemon All Night Festival Bag 5L - Black Gold Hardware Travel Crossbody
          
      NWT",58.0
"“Not My Dior – Funny Reusable Tote Bag for Everyday Chic”
          
      Boutique",20.0
Kate Spade Metallic Small Bucket Bag NWOT,84.0
Lilly Pulitzer Seashell Keychain Pink & Blue Enamel Gold Braided Loop Bag Charm,30.0
"NEW Kate Spade Carson Crossbody Convertible Shoulder Bag Orchard Toss Print
          
      NWT",149.0
Dooney & Bourke Tan and Brown Shoulder Bag with Leather Trim,100.0
Betsey Johnson Makeup Pouches,12.0
CHECK OUT MY SELLING RATINGS,999.0
"Dagne Dover Mara Phone Sling
          
      NWT",90.0
💎✨BEAUTIFUL✨💎Authentic Louis Vuitton Tompkins square vernis brown,787.0
Relic by Fossil Canvas Multicolor Striped Shoulder Bag Blue Brown,16.0
"Christian Lacroix Vibrant Red Shoulder Bag Perfect! Give You A Pop Of Color
          
      NWT",28.0
Marc Jacobs Black Canvas  Small Tote Adjustable Crossbody Bag READ,65.0
NWT Betsey Johnson Luv Betsey Coral Quilted Double Pouch Wristlet,40.0
Vera Bradley Petite Zip Around Wallet - Lemon Grove,30.0
Taylor Swift Tour Backpack/ Sling Bag - RED / 1989 / Midnights - NWOT - Rare,59.0
Michael Kors Cherry Red Leather Wallet,30.0
"MIU MIU Velvet Pink Pouch Gold Frame Kisslock Bag Pochette Perfume
          
      NWT",120.0
"Victoria's Secret Black and Silver Small Tote Bag
          
      NWT",14.0
Carriage House Leather Taupe Sling Crossbody Backpack Bag Tassel Fringe,40.0
Vintage Dooney & Burke Monogram Shoulder Bag,25.0
Coach Red Shoulder Bag with Elegant Leather Finish,250.0
"Steve Madden Olive Juniper Crossbody Bag Backpack
          
      NWT",38.0
"*30off3* Wicked Credit Card Wallet Slim Wallet with 7 Card Slots & ID Window.
          
      NWT",25.0
Vintage Corde Bead Bridal Snowflake Winter White Gold Clasp Top Handle Bag,23.0
Mini Vintage Clutch,25.0
OGON Aluminum Wallet in Zebra print,22.0
"True Religion Black and Gold Satchel
          
      NWT",75.0
Unique noodle/dumpling handbag Crossbody two way new without tags,65.0
♠️ Kate Spade Medium Triple Compartment Sachel in Warm Gingerbread,118.0
Victoria’s Secret Tote Bag Rose Gold Metallic,18.0
Black Croc-Embossed Wallet with Silver Buckle,15.0
MICHAEL MICHAEL KORS Snakeskin Embossed Leather Crossbody Bag-#AV-1704 Like New,36.0
"Stunning Real Curly Shearling Hobo Bag, Handmade Lamb Fur Crossbody, Slouchy Bag
          
      NWT",189.0
Kate Spade Backpack,25.0
VTG Gold Lamé 1960s Evening Clutch‎ Convertible Handbag Purse Kisslock,39.0
Rebecca Minkoff Edie Flap Leather Shoulder Bag,119.0
Kate Spade Black and White Polka Dot Tote Bag,54.0
Longchamp Le Pliage Eggplant Nylon Large Top Handle Travel Tote Purse Handbag,65.0
"NWT ST. AGNI Bateau Leather-Trimmed Canvas Tote
          
      NWT",550.0
COACH Large Tan Leather Zip Top Saddle Crossbody Shoulder Bag W/ Fob ~11x9x4,68.0
Vintage Womens Baronet Genuine Leather Wallet Red With Checkbook Notes Coin Slot,15.0
Vintage Dooney & Bourke blue and Brown Leather wallet,89.0
Christian Dior Honeycomb Kiss-Lock Clutch 1950s Rare and Excellent Condition 👛,623.0
NWT White House Black Market /‎ Hydrangea / Ecru,11.0
"NIB Marge Sherwood White Vintage Brick Bag
          
      NWT",315.0
Brand name symbol is “(A) “ I don’t know the brand name but it’s a beautiful!,30.0
LOUIS VUITTON Monogram Giant Jungle Beach Pouch Ivory,1549.0
Zara Beaded Fringe Shoulder Bag,89.0
"Handmade Crossbody Bag Repurposed Faux Leather and Textured Material NWT
          
      NWT",16.0
Black Leather Purse W/ Pink & Green Paisley Lining,18.0
Chico's LUX Amazing Art-to-Wear Beaded Tapestry Small Handbag Purse,130.0
Louis Vuitton LV Shoulder Bag M51112 Ballad Brown Monogram Preowned,1500.0
PATRICIA NASH BIELLA ENVELOPE FLAP BROWN LEATHER CROSSBODY BAG/PURSE,75.0
Michael Kors Gold and White Patterned Wristlet,45.0
Etienne Aigner Black and Gold Shoulder,38.0
"NWT LeSportsac Mini N/S Tote Pearl Shine Ivory White Day Bag
          
      NWT",48.0
Vera Bradley Very Berry Zip Around Wristlet,25.0
Primark Beige Faux Leather Shoulder Bag with Adjustable Strap,8.0
"Genuine Leather Mini Crossbody Bag, Adjustable Strap, Compact Clutch Purse",138.0
"MICHAEL KORS SMALL TOP ZIP COINPOUCH WITH ID KEYCHAIN CARDHOLDER WALLET 
NAVY
          
      Boutique",55.0
Hammitt Hunter Mini Backpack In Marshmallow White Snake Gold Hardware Handbag,165.0
Marco M Brown Monogram Backpack Faux Leather Gold Hardware Tassel Accents,12.0
Twig & Arrow Boho Woven Jute Hand Painted Turquoise Flower Tote Beach Bag,53.0
La regale vintage Elegant Burgundy Clutch bag with Beaded Design,40.0
Fossil Multi Pocket Tan Leather Shoulder/Crossbody Bag,38.0
TUMI Continental Wallet Blue Flap Nylon,40.0
"THINK ROYLN Multicolor Quilted Crossbody Bag
          
      NWT",45.0
Kate Spade Grove Street Crossbody bag in Pop Art pattern,85.0
Lot Of 3 VTG Y2K Straw Wicker Style Handbags Tote Bag Travel Purse Preppy Resell,30.0
"Melissa x Telfar Small Jelly Shopper - Clear Pink
          
      NWT",225.0
Cole Haan Made in Italy Brown Leather Woven Crossbody Bag,115.0
"Handbag Organizer/ Purse Insert /Cosmetic Tote/ Gray - NWT
          
      Boutique",17.0
"Vera Bradley Carson Cellphone Crossbody bag  the Tropics Plaid Pastels NWT
          
      NWT",22.0
"Waterproof Anti theft Backpack brand new
          
      NWT",49.0
"Off-White Spirit Fox Backpack - Pink Sakura‎ Cherry Blossom - Magnetic Closure
          
      NWT",55.0
Vintage Roll Up Travel Jewelry Cosmetic Bag Colorful Zippered Compartments 36x16,25.0
Hand Painted Sardine Madewell Tan Pouch,200.0
"Juicy Couture Pink Large Quilted Tote Bag
          
      NWT",36.0
"NWT Fossil Logan leather card case
          
      NWT",30.0
Kate Spade Cedar Street Maise Crisp Linen Beige Crossbody,90.0
Vera Bradley Black Quilted Tote,38.0
Nanette Lepore Taupe Black Colorblock Crossbody Bag Zip Top,58.0
Bundle set of 3 mix wallets,3.0
Kate Spade Floral Transparent Handbag,85.0
Dooney & Bourke Bowler Tote Crossbody Bag,75.0
"Hype Brown Leather With Gold Trim, Wallet",12.0
Antonio Melani Purse Jute Cream Mini Bag Small with Dust Bag,15.0
Black Backpack Shoulder Bag Purse With Gold Accents Faux Leather,24.0
Crossbody Bag With Adjustable Strap,12.0
Dooney and Bourke Florentine Ellie Bag,200.0
5.11 Tactical Molly Shopper tote suede & nylon discontinued,120.0
NWT Fossil Faye Baked Clay Round Straw Boho Crossbody,60.0
Gucci Monogram Leather Long Snap Wallet,199.0
JEN& CO straw crossbody bag,8.0
"Fjällräven Kanken Backpack Ocean Surface Landscape RARE Multi Color Art Design
          
      NWT",35.0
ECOSUSI Women’s Briefcase/Laptop Bag,22.0
"Michael Kors Jet Set travel Wallet with Zip Coin Pouch. Red Clay/White. NWT.
          
      NWT",85.0
Elegant Forrest Green Bow Women's Clutch,22.0
"Chick unlimited black shoulder bag
          
      NWT",22.0
Louis Vuitton Damier Portefeuille Normandie Magnolia Pink Long Wallet,1899.0
Coach Two-Tone Tan and Brown Shoulder Bag,150.0
Coach Bleeker Natural Straw Woven Tote Handbag Floral Detail Leather Trim Beige,75.0
Gucci  GG Canvas and Leather Tote Handbag-Preowned,699.0
Vintage Roxy Vibrant Pink Shoulder Bag,13.0
"Leopard Cheetah Faux Fur Vegan Crossbody or Clutch Handbag/ Purse - NWT
          
      NWT",25.0
YSL medium triquilt envelope chain bag,2800.0
EUC TWELVElittle Black Quilted Bag,50.0
Lululemon Black and Patterned Tote Bags,12.0
"NWT Alyssa vegan  handbag with classy Diamond
          
      NWT",36.0
Authentic Vintage Coach Kristin Black Leather Satchel 14782 Silver Hardware Y2K,145.0
MCM Brown Crossbody Bag with Iconic Monogram and Adjustable Strap,185.0
Away Travel Canary Yellow Mini Suitcase Toiletry Case,253.0
"Coach Mini Bag
          
      NWT",175.0
"Dooney & Bourke Samba Pebbled Leather Large Black Satchel Logo
Lock Purse",300.0
Dooney & Bourke Classic Blue Wristlet,30.0
"NWT $228.00 Botkier NY Leather Warren City Crossbody Handbag
          
      NWT",97.0
Indian Potli Bag‎,9.0
"Michael Kors Crossbody Tech Accessories Attached Dragonfruit Floral
          
      NWT",90.0
vintage pouch embroidered rug tapestry fabric tassels braided strap,15.0
Coach Field Tote 22 with Horse and Carriage CD750 1941 Red,325.0
LC Lauren Conrad Pink Tote Bag,29.0
"DKNY Vallery Small Satchel Bag, NWT
          
      NWT",110.0
Chaps Watercolor Floral Crossbody Bag Purse Faux Leather Flap Snap,19.0
"DIOR Black Velvet Mesh Cannage Pattern Tote Bag, GWP, New!",200.0
Lululemon Everywhere Crossbody Belt Bag Wordmark Black and Gold Logo,40.0
Bottega Veneta Authentic Handbag Tote 214728 Intrecciato Leather Brown,950.0
Lancome Turquoise and White Floral Cosmetic Case,6.0
"I’m sick and everything must go, please be responsible with offers, Thank you 😊",5.0
Celine Vintage Macadam Bi-Fold Wallet,275.0
Pour La Victoire 100% leather “Maison Croco” med tote.,70.0
Kate Spade NY Black Pebbled Leather Crossbody Leather Tassel Charm,64.0
Bradford Exchange Constant Companion Yorkie Yorkshire Terrier Print Tapestry Bag,58.0
"NWT Christian Dior Red Diorivera Straw Tote Bag
          
      NWT",180.0
Fendi Blue and Yellow Women's Wallet,250.0
"Gucci Tote Large‎ Shopping Bag Tote with PVC Cover
          
      NWT",289.0
FP Quilted Gray Shoulder Carry All,45.0
"Karl Lagerfeld Paris Adele Medium Bucket Bag NWT
          
      NWT",125.0
Nine West Crossbody dark brown color,6.0
Rare MAC Brush And Makeup Holder 3 Fold,68.0
Valentino Garavani Leather Handbag with Gold Accents,700.0
Banana Republic Vintage Black Cotton Fabric Zip Shoulder Bag Y2K 90s Style,50.0
Treviso Purse GUC,9.0
"Travanti Large Black Faux Leather Tote Commuter Bag, gold hardware, 15x12x6",35.0
NEW All Saints Zone Quilted Backpack Unisex NWT,139.0
"Victoria's Secret PINK Canvas Grey Splatter Large Tote New
          
      NWT",25.0
"Sanrio Character Wallet - Pink, Yellow, Blue, Black",20.0
Vera Bradley🔥Paisley Crossbody Bag - Purple and Cream Includes Bag Charm.,45.0
Vera Bradley Hipster‎ Heather Signature Retired Teal Purple PAISLEY Floral,17.0
"Tory Burch Emerson Canvas Zip Continental Wallet Multi Leather Black Tan Gold
          
      NWT",248.0
"NWT Adidas Must Have 2.0 Belt Bag Crossbody Waist Pack | Alumina Beige
          
      NWT",11.0
"NWT Disney Winnie The Pooh Yellow And Red Two Piece Lunch Bag Set Insulated
          
      NWT",18.0
"NEW! Enamel Pembroke Welsh Corgi Skateboard🛹 Keychain/Bag 🎒👜 Charm ~ 🐕 🎁 🐾
          
      NWT",40.0
"Canvas Tote Bag, Bunny Design for Bunny Lovers",10.0
Dooney Bourke Pebble Leather Handbag Shoulder Bag Gray Brown Trim‎,65.0
Louis Vuitton Murakami Multicolor Monogram Porte Monnaie coin wallet,500.0
Tod’s black nylon & leather multi zipper pocket gold hardware shoulder bag.,80.0
Naghedi Cream Cotton Drawstring Large Dust Bag 19”x17” NEW,22.0
"Christian Dior Red Clutch w/Crossbody Chain, Charms & Twilly Added NWOT + brush",67.0
Madewell Piazza Small Slouch Shoulder Bag,55.0
Aimee Kestenberg Pebble Leather Yellow Mini Wallet Credit Card Holder,24.0
Black and White Crossbody Bag with Gold Accent,20.0
Harrods of London Knightsbridge Blue Teddy Bear Carousel Print PVC Tote Bag‎,22.0
#104 Brighton Glorietta Pebbled Black & Embossed Brown Leather Shoulder Tote Bag,75.0
Michael Kors Emilia Small Pink Pebbled Leather Satchel Tote Bag,90.0
American Eagle Cheetah Print Black Crossbody Bag Y2K,22.0
GUCCI GG Denim Eclipse Tote Bag,449.0
"Prada Leather Tote Bag Extra Large, Yellow, Authentic",972.0
"Michael Kors jet set large continental wallet brown
          
      NWT",78.0
Lilly Pulitzer Vibrant Pattern Wallet,22.0
"NWT~Vintage LOONEY TUNES Tweety 1999 Green Backpack 15” X 11”
          
      NWT",80.0
"NEW 3 Sofa Kitties Large Brown 🤎 Cosmetic Makeup Bag Pouch Cat Lady Gift
          
      NWT",10.0
Bebe clutch with metal chain and jewel embellishment 11.5” by 4.5”,14.0
"NWT FREE PEOPLE Vancouver Velvet Clutch / Navy + Lapis
          
      NWT",35.0
Karl Lagerfeld Backpack Red Black Nylon Bag,99.0
Vintage Morabito Paris coated canvas crossbody,50.0
Coach 25073 Women's Blue Soft‎ Leather Crossbody Bag. Free Shipping,50.0
"Pink 2 piece Crossbody Gold Chain purse set
          
      NWT",35.0
Loungefly Star Wars OG HEART LOGO Darth Vader Dome Satchel Top Handle Purse Bag,85.0
Aldo Snake Embossed Mocha Clutch 12x5,5.0
"🔥TUMI Voyageur Carson Backpack NWT | MagExpand™ + LockShield™
          
      NWT",163.0
3/$25,8.0
CHANEL Mouton Logo Handle Suede & Shearling Black Tote Bag,604.0
Leaderachi Crossbody Leather Travel Messenger bag Hunter Crossbody Light Brown,17.0
lululemon athletica Black Crossbody Bag,55.0
"Badgley Mischka Diamond Quilted Vegan Leather SMALL Double‎ Handle Bag Plum NWT
          
      NWT",34.0
"MIKa made in Italy, Dutch white leather bag.",30.0
"Time and Try‎ dark green and gold buckle shoulder women Handbag
          
      NWT",15.0
Large Canvas Tote Bag with Cute Cartoon Girl Art | Hand Pressed | 17”x14” | New,12.0
Aldo Shimmering Black Clutch,18.0
"NWT Coach North South Mini Tote bag charm
          
      NWT",110.0
Chanel White and Gold Cosmetic Bag,100.0
"NWT Patricia Nash Tremezzo Belt Bag, color Formal Grey
          
      NWT",70.0
"Vintage U.C. Of Benetton Color Block Small Backpack, Silver Hardware, Heavy, EUC",67.0
"Nordstrom beauty tote
          
      NWT",25.0
Gucci Micro GG Supreme Vintage Bag,500.0
